{"test_CE_loss":0.5915713906288147,"epoch":20,"test_accuracy":0.8368077874183655,"val_accuracy":0.8368077874183655,"train_accuracy":0.7790672779083252,"_wandb":{"runtime":60},"train_kappa":0.8000880479812622,"_timestamp":1.730810391204404e+09,"test_kappa":0.8471666574478149,"val_CE_loss":0.5915713906288147,"val_kappa":0.8471666574478149,"trainer/global_step":1100,"_runtime":60.159809992,"_step":40,"train_CE_loss":0.6396908760070801}