{"trainer/global_step":54,"val_kappa":0.3878340423107147,"val_accuracy":0.4448026418685913,"_step":0,"_wandb":{"runtime":4},"epoch":0,"val_CE_loss":1.242498517036438,"_timestamp":1.7308102135656528e+09,"_runtime":4.384807447}